insert into DISPOSITION_CATEGORY (CATEGORYID,CATEGORY_NAME) values (7,'New Customer');
insert into DISPOSITION_CATEGORY (CATEGORYID,CATEGORY_NAME) values (8,'Auto Disposition');
insert into DISPOSITION_CATEGORY (CATEGORYID,CATEGORY_NAME) values (1,'Price');
insert into DISPOSITION_CATEGORY (CATEGORYID,CATEGORY_NAME) values (2,'Time');
insert into DISPOSITION_CATEGORY (CATEGORYID,CATEGORY_NAME) values (3,'No Product Availability');
insert into DISPOSITION_CATEGORY (CATEGORYID,CATEGORY_NAME) values (4,'Credit');
insert into DISPOSITION_CATEGORY (CATEGORYID,CATEGORY_NAME) values (5,'No Opportunity');
insert into DISPOSITION_CATEGORY (CATEGORYID,CATEGORY_NAME) values (6,'Other');

commit;

insert into DISPO_CAT_ASSOC (DISPOSITIONID,CATEGORYID) values (11314,1);
insert into DISPO_CAT_ASSOC (DISPOSITIONID,CATEGORYID) values (11261,1);
insert into DISPO_CAT_ASSOC (DISPOSITIONID,CATEGORYID) values (11315,1);
insert into DISPO_CAT_ASSOC (DISPOSITIONID,CATEGORYID) values (11316,2);
insert into DISPO_CAT_ASSOC (DISPOSITIONID,CATEGORYID) values (11317,2);
insert into DISPO_CAT_ASSOC (DISPOSITIONID,CATEGORYID) values (11318,2);
insert into DISPO_CAT_ASSOC (DISPOSITIONID,CATEGORYID) values (11319,2);
insert into DISPO_CAT_ASSOC (DISPOSITIONID,CATEGORYID) values (11320,4);
insert into DISPO_CAT_ASSOC (DISPOSITIONID,CATEGORYID) values (11321,4);
insert into DISPO_CAT_ASSOC (DISPOSITIONID,CATEGORYID) values (11322,4);
insert into DISPO_CAT_ASSOC (DISPOSITIONID,CATEGORYID) values (11323,4);
insert into DISPO_CAT_ASSOC (DISPOSITIONID,CATEGORYID) values (11324,4);
insert into DISPO_CAT_ASSOC (DISPOSITIONID,CATEGORYID) values (11283,5);
insert into DISPO_CAT_ASSOC (DISPOSITIONID,CATEGORYID) values (11325,5);
insert into DISPO_CAT_ASSOC (DISPOSITIONID,CATEGORYID) values (11326,5);
insert into DISPO_CAT_ASSOC (DISPOSITIONID,CATEGORYID) values (11327,5);
insert into DISPO_CAT_ASSOC (DISPOSITIONID,CATEGORYID) values (11047,5);
insert into DISPO_CAT_ASSOC (DISPOSITIONID,CATEGORYID) values (11328,5);
insert into DISPO_CAT_ASSOC (DISPOSITIONID,CATEGORYID) values (11049,5);
insert into DISPO_CAT_ASSOC (DISPOSITIONID,CATEGORYID) values (11052,6);
insert into DISPO_CAT_ASSOC (DISPOSITIONID,CATEGORYID) values (11329,6);
insert into DISPO_CAT_ASSOC (DISPOSITIONID,CATEGORYID) values (11330,6);
insert into DISPO_CAT_ASSOC (DISPOSITIONID,CATEGORYID) values (11331,6);
insert into DISPO_CAT_ASSOC (DISPOSITIONID,CATEGORYID) values (11041,7);
insert into DISPO_CAT_ASSOC (DISPOSITIONID,CATEGORYID) values (11293,8);
insert into DISPO_CAT_ASSOC (DISPOSITIONID,CATEGORYID) values (11295,8);
commit;

insert into DISPOSITION (DISPOSITIONID,CODE,DESCRIPTION,ACTIVE,SEQUENCE_ORDER) values (11314,'aph','After promo expense too high',1,1);
insert into DISPOSITION (DISPOSITIONID,CODE,DESCRIPTION,ACTIVE,SEQUENCE_ORDER) values (11261,'ifh','Installation fees too high',1,2);
insert into DISPOSITION (DISPOSITIONID,CODE,DESCRIPTION,ACTIVE,SEQUENCE_ORDER) values (11315,'bdp','Better deal found through provider',1,3);
insert into DISPOSITION (DISPOSITIONID,CODE,DESCRIPTION,ACTIVE,SEQUENCE_ORDER) values (11316,'trn','Time restriction',1,4);
insert into DISPOSITION (DISPOSITIONID,CODE,DESCRIPTION,ACTIVE,SEQUENCE_ORDER) values (11317,'aro','Approval required by other occupant',1,5);
insert into DISPOSITION (DISPOSITIONID,CODE,DESCRIPTION,ACTIVE,SEQUENCE_ORDER) values (11318,'sha','Shopping around',1,6);
insert into DISPOSITION (DISPOSITIONID,CODE,DESCRIPTION,ACTIVE,SEQUENCE_ORDER) values (11319,'ida','Install date not available',1,7);
insert into DISPOSITION (DISPOSITIONID,CODE,DESCRIPTION,ACTIVE,SEQUENCE_ORDER) values (11320,'ccr','Credit check refused',1,8);
insert into DISPOSITION (DISPOSITIONID,CODE,DESCRIPTION,ACTIVE,SEQUENCE_ORDER) values (11321,'cna','Credit or debit card not available',1,9);
insert into DISPOSITION (DISPOSITIONID,CODE,DESCRIPTION,ACTIVE,SEQUENCE_ORDER) values (11322,'dna','Deposit not available/unwilling caller',1,10);
insert into DISPOSITION (DISPOSITIONID,CODE,DESCRIPTION,ACTIVE,SEQUENCE_ORDER) values (11323,'ana','Authorization not available on account',1,11);
insert into DISPOSITION (DISPOSITIONID,CODE,DESCRIPTION,ACTIVE,SEQUENCE_ORDER) values (11324,'pdb','Past due bill',1,12);
insert into DISPOSITION (DISPOSITIONID,CODE,DESCRIPTION,ACTIVE,SEQUENCE_ORDER) values (11283,'drc','Dropped call',1,13);
insert into DISPOSITION (DISPOSITIONID,CODE,DESCRIPTION,ACTIVE,SEQUENCE_ORDER) values (11325,'rct','Referrer customer care transfer',1,14);
insert into DISPOSITION (DISPOSITIONID,CODE,DESCRIPTION,ACTIVE,SEQUENCE_ORDER) values (11326,'pct','Provider customer care transfer',1,15);
insert into DISPOSITION (DISPOSITIONID,CODE,DESCRIPTION,ACTIVE,SEQUENCE_ORDER) values (11327,'act','AL customer care transfer',1,16);
insert into DISPOSITION (DISPOSITIONID,CODE,DESCRIPTION,ACTIVE,SEQUENCE_ORDER) values (11047,'012','Language barrier',1,17);
insert into DISPOSITION (DISPOSITIONID,CODE,DESCRIPTION,ACTIVE,SEQUENCE_ORDER) values (11328,'los','Landlord or association owns services',1,18);
insert into DISPOSITION (DISPOSITIONID,CODE,DESCRIPTION,ACTIVE,SEQUENCE_ORDER) values (11049,'016','No customer/internal work',1,19);
insert into DISPOSITION (DISPOSITIONID,CODE,DESCRIPTION,ACTIVE,SEQUENCE_ORDER) values (11052,'001','No Service Available',1,20);
insert into DISPOSITION (DISPOSITIONID,CODE,DESCRIPTION,ACTIVE,SEQUENCE_ORDER) values (11329,'sai','Services already installed',1,21);
insert into DISPOSITION (DISPOSITIONID,CODE,DESCRIPTION,ACTIVE,SEQUENCE_ORDER) values (11330,'cpd','Contact providers directly preferred',1,22);
insert into DISPOSITION (DISPOSITIONID,CODE,DESCRIPTION,ACTIVE,SEQUENCE_ORDER) values (11331,'eop','Email offer preferred',1,23);
insert into DISPOSITION (DISPOSITIONID,CODE,DESCRIPTION,ACTIVE,SEQUENCE_ORDER) values (11041,'002','New Customer',1,0);
insert into DISPOSITION (DISPOSITIONID,CODE,DESCRIPTION,ACTIVE,SEQUENCE_ORDER) values (11293,'tim','Timeout',1,35);
insert into DISPOSITION (DISPOSITIONID,CODE,DESCRIPTION,ACTIVE,SEQUENCE_ORDER) values (11295,'dna','Disposition not Applied',1,37);
commit;